ID,TeamIdx,BotIdx,PosX,PosY,Action,ActX,ActY
0,1,12,60,60,i,0,0
1,1,12,64,61,i,0,0
2,1,12,61,64,i,0,0
3,1,9,63,66,i,0,0
4,1,9,64,67,i,0,0
5,1,9,64,64,i,0,0
6,1,9,67,67,i,0,0
7,1,9,66,63,i,0,0
8,1,9,66,69,i,0,0
9,1,9,64,69,i,0,0
10,1,9,67,71,i,0,0
11,1,9,69,63,i,0,0
12,1,9,62,68,i,0,0
13,1,9,71,63,i,0,0
14,1,9,72,65,i,0,0
15,1,9,67,60,i,0,0
16,1,9,61,70,i,0,0
17,1,9,63,71,i,0,0
18,1,9,61,73,i,0,0
19,1,9,66,65,i,0,0
20,1,9,74,65,i,0,0
21,1,9,68,69,i,0,0
22,1,9,72,62,i,0,0
23,2,10,140,140,i,0,0
24,2,10,139,138,i,0,0
25,2,10,138,140,i,0,0
26,2,10,136,139,i,0,0
27,2,10,136,138,i,0,0
28,2,10,134,137,i,0,0
29,2,10,136,136,i,0,0
30,2,10,132,138,i,0,0
31,2,10,138,137,i,0,0
32,2,10,139,135,i,0,0
33,2,10,135,135,i,0,0
34,2,10,139,134,i,0,0
35,2,10,138,132,i,0,0
36,2,10,133,136,i,0,0
37,2,10,132,134,i,0,0
38,2,10,130,134,i,0,0
39,2,10,134,140,i,0,0
40,2,10,132,133,i,0,0
41,2,10,130,132,i,0,0
42,2,10,130,138,i,0,0
43,2,10,129,138,i,0,0
44,2,10,137,131,i,0,0
45,2,10,128,133,i,0,0
46,2,10,134,133,i,0,0
47,2,10,140,132,i,0,0
48,2,10,125,133,i,0,0
49,2,10,137,129,i,0,0
50,2,10,130,131,i,0,0
51,2,10,129,136,i,0,0
52,2,10,134,132,i,0,0
53,2,10,127,131,i,0,0
54,2,10,125,131,i,0,0
55,2,10,127,130,i,0,0
56,2,10,123,132,i,0,0
57,2,10,136,129,i,0,0
58,2,10,128,137,i,0,0
59,2,10,132,139,i,0,0
60,2,10,137,134,i,0,0
61,2,10,127,139,i,0,0
62,2,10,126,128,i,0,0
63,2,10,126,137,i,0,0
64,2,10,124,138,i,0,0
65,2,10,133,130,i,0,0
66,2,10,132,129,i,0,0
67,2,10,124,128,i,0,0
68,2,10,123,137,i,0,0
69,2,10,137,127,i,0,0
70,2,10,122,136,i,0,0
71,2,10,122,131,i,0,0
72,2,10,132,127,i,0,0
73,2,10,128,128,i,0,0
74,2,10,137,126,i,0,0
75,2,10,134,128,i,0,0
76,2,10,134,127,i,0,0
77,2,10,130,129,i,0,0
78,2,10,140,130,i,0,0
79,2,10,121,130,i,0,0
80,2,10,126,134,i,0,0
81,2,10,120,135,i,0,0
82,2,6,135,124,i,0,0
83,2,6,128,126,i,0,0
84,2,6,130,127,i,0,0
85,2,6,118,135,i,0,0
86,2,6,133,124,i,0,0
87,2,6,139,128,i,0,0
88,2,6,126,126,i,0,0
89,2,6,126,125,i,0,0
90,2,6,116,135,i,0,0
91,2,6,125,136,i,0,0
92,2,6,134,122,i,0,0
93,2,6,132,123,i,0,0
94,2,6,120,128,i,0,0
95,2,6,114,135,i,0,0
96,2,6,115,133,i,0,0
97,2,6,133,121,i,0,0
98,2,6,132,131,i,0,0
99,2,6,124,126,i,0,0
0,1,12,66,66,i,0,0
1,1,12,70,67,i,0,0
2,1,12,67,70,i,0,0
3,1,9,68,70,i,0,0
4,1,9,69,72,i,0,0
5,1,9,69,68,m,72,73
6,1,9,71,72,i,0,0
7,1,9,70,68,i,0,0
8,1,9,70,73,m,74,77
9,1,9,68,74,i,0,0
10,1,9,71,75,m,74,78
11,1,9,72,68,i,0,0
12,1,9,67,72,m,71,76
13,1,9,74,68,m,78,72
14,1,9,76,70,i,0,0
15,1,9,71,65,m,75,70
16,1,9,66,74,m,70,77
17,1,9,67,76,i,0,0
18,1,9,66,77,m,70,80
19,1,9,70,70,i,0,0
20,1,9,78,70,m,80,74
21,1,9,72,73,i,0,0
22,1,9,76,67,i,0,0
23,2,10,131,130,i,0,0
24,2,10,130,129,i,0,0
25,2,10,129,130,i,0,0
26,2,10,127,129,i,0,0
27,2,10,127,128,i,0,0
28,2,10,126,127,i,0,0
29,2,10,127,126,i,0,0
30,2,10,124,128,i,0,0
31,2,10,130,127,i,0,0
32,2,10,130,125,i,0,0
33,2,10,126,125,i,0,0
34,2,10,130,124,i,0,0
35,2,10,129,123,i,0,0
36,2,10,124,126,i,0,0
37,2,10,123,124,i,0,0
38,2,10,122,124,i,0,0
39,2,10,126,129,i,0,0
40,2,10,123,123,i,0,0
41,2,10,122,122,i,0,0
42,2,10,122,127,i,0,0
43,2,10,121,128,i,0,0
44,2,10,128,122,i,0,0
45,2,10,119,123,i,0,0
46,2,10,125,124,i,0,0
47,2,10,130,123,i,0,0
48,2,10,117,122,i,0,0
49,2,10,128,120,i,0,0
50,2,10,122,121,i,0,0
51,2,10,121,125,i,0,0
52,2,10,125,122,i,0,0
53,2,10,119,121,i,0,0
54,2,10,117,121,i,0,0
55,2,10,119,120,i,0,0
56,2,10,116,122,i,0,0
57,2,10,127,120,i,0,0
58,2,10,120,126,i,0,0
59,2,10,124,129,i,0,0
60,2,10,128,125,i,0,0
61,2,10,120,128,i,0,0
62,2,10,117,118,i,0,0
63,2,10,118,127,i,0,0
64,2,10,117,127,i,0,0
65,2,10,125,120,i,0,0
66,2,10,123,119,i,0,0
67,2,10,116,118,i,0,0
68,2,10,116,126,i,0,0
69,2,10,127,118,i,0,0
70,2,10,113,126,i,0,0
71,2,10,115,121,i,0,0
72,2,10,123,118,i,0,0
73,2,10,119,118,i,0,0
74,2,10,127,117,i,0,0
75,2,10,125,119,i,0,0
76,2,10,125,117,i,0,0
77,2,10,122,119,i,0,0
78,2,10,130,121,i,0,0
79,2,10,114,119,i,0,0
80,2,10,119,124,i,0,0
81,2,10,112,125,i,0,0
82,2,6,129,119,i,0,0
83,2,6,123,120,i,0,0
84,2,6,125,121,i,0,0
85,2,6,113,128,i,0,0
86,2,6,128,118,i,0,0
87,2,6,133,122,i,0,0
88,2,6,120,120,i,0,0
89,2,6,121,118,i,0,0
90,2,6,111,128,i,0,0
91,2,6,120,129,i,0,0
92,2,6,128,117,i,0,0
93,2,6,126,117,i,0,0
94,2,6,116,121,i,0,0
95,2,6,110,129,i,0,0
96,2,6,110,127,i,0,0
97,2,6,127,116,i,0,0
98,2,6,127,125,i,0,0
99,2,6,119,119,i,0,0
0,1,12,71,72,m,73,73
1,1,12,75,73,m,75,74
2,1,12,72,76,m,77,81
3,1,9,72,75,m,74,78
4,1,9,73,77,m,75,79
5,1,9,73,73,m,77,77
6,1,9,75,77,m,77,79
7,1,9,74,73,m,77,76
8,1,9,75,78,m,78,80
9,1,9,73,78,m,75,81
10,1,9,76,80,m,78,81
11,1,9,76,73,m,79,75
12,1,9,71,77,m,75,80
13,1,9,78,73,m,81,76
14,1,9,79,75,m,81,77
15,1,9,75,70,m,79,75
16,1,9,71,78,m,75,81
17,1,9,72,80,m,74,82
18,1,9,71,81,m,74,83
19,1,9,74,75,m,76,78
20,1,9,82,75,m,85,80
21,1,9,77,78,m,78,80
22,1,9,80,72,m,82,75
23,2,10,123,120,i,0,0
24,2,10,122,119,i,0,0
25,2,10,121,120,i,0,0
26,2,10,119,119,i,0,0
27,2,10,119,118,i,0,0
28,2,10,117,117,i,0,0
29,2,10,119,116,i,0,0
30,2,10,116,117,i,0,0
31,2,10,121,117,i,0,0
32,2,10,121,116,i,0,0
33,2,10,118,115,i,0,0
34,2,10,121,114,i,0,0
35,2,10,120,113,i,0,0
36,2,10,116,116,i,0,0
37,2,10,115,114,i,0,0
38,2,10,114,114,i,0,0
39,2,10,118,119,i,0,0
40,2,10,115,113,i,0,0
41,2,10,114,112,i,0,0
42,2,10,114,117,i,0,0
43,2,10,113,117,i,0,0
44,2,10,119,112,i,0,0
45,2,10,111,112,i,0,0
46,2,10,116,114,m,109,106
47,2,10,121,113,i,0,0
48,2,10,109,112,m,102,102
49,2,10,119,111,i,0,0
50,2,10,113,111,i,0,0
51,2,10,113,115,i,0,0
52,2,10,116,112,i,0,0
53,2,10,111,111,m,103,101
54,2,10,109,110,m,102,101
55,2,10,111,109,m,103,100
56,2,10,108,111,m,101,102
57,2,10,117,110,i,0,0
58,2,10,112,116,i,0,0
59,2,10,116,119,i,0,0
60,2,10,119,115,i,0,0
61,2,10,112,118,i,0,0
62,2,10,109,108,m,102,99
63,2,10,111,116,i,0,0
64,2,10,109,116,i,0,0
65,2,10,116,111,i,0,0
66,2,10,114,110,i,0,0
67,2,10,108,107,m,101,99
68,2,10,108,115,i,0,0
69,2,10,118,109,i,0,0
70,2,10,105,116,m,97,106
71,2,10,107,110,m,100,101
72,2,10,114,108,m,105,99
73,2,10,111,108,m,103,99
74,2,10,118,107,i,0,0
75,2,10,116,109,i,0,0
76,2,10,116,108,m,106,99
77,2,10,113,109,m,105,100
78,2,10,121,112,i,0,0
79,2,10,106,108,m,100,100
80,2,10,111,113,i,0,0
81,2,10,104,114,m,99,109
82,2,6,124,113,m,119,109
83,2,6,117,114,m,114,111
84,2,6,119,115,m,116,111
85,2,6,108,122,m,105,118
86,2,6,122,113,m,118,109
87,2,6,127,116,m,122,111
88,2,6,115,114,m,112,111
89,2,6,116,112,m,113,109
90,2,6,106,122,m,103,118
91,2,6,115,122,m,112,117
92,2,6,122,111,m,119,108
93,2,6,120,111,m,117,108
94,2,6,111,115,m,109,112
95,2,6,105,122,m,102,119
96,2,6,105,120,m,103,117
97,2,6,121,110,m,118,107
98,2,6,121,119,m,117,114
99,2,6,113,113,m,111,110
0,1,12,77,78,m,83,81
1,1,12,81,79,m,85,84
2,1,12,78,82,m,83,83
3,1,9,76,79,m,81,83
4,1,9,78,81,m,81,84
5,1,9,77,77,m,82,81
6,1,9,79,81,m,83,84
7,1,9,78,77,m,82,81
8,1,9,80,82,a,98,98
9,1,9,77,82,a,98,98
10,1,9,81,84,a,98,98
11,1,9,80,77,a,98,98
12,1,9,76,80,a,98,98
13,1,9,82,78,a,98,98
14,1,9,83,79,a,98,98
15,1,9,79,75,m,83,79
16,1,9,76,82,m,80,84
17,1,9,77,84,m,81,86
18,1,9,76,84,m,81,87
19,1,9,78,79,a,98,98
20,1,9,85,81,a,98,98
21,1,9,81,83,m,84,85
22,1,9,84,78,a,98,98
23,2,10,114,110,m,110,106
24,2,10,113,109,m,109,105
25,2,10,112,110,m,109,105
26,2,10,111,109,m,107,105
27,2,10,110,108,m,107,104
28,2,10,109,107,m,106,104
29,2,10,110,106,m,108,103
30,2,10,108,107,m,106,104
31,2,10,112,107,m,109,104
32,2,10,112,106,m,109,103
33,2,10,109,105,m,107,103
34,2,10,112,105,m,109,102
35,2,10,111,104,m,109,101
36,2,10,108,106,m,106,103
37,2,10,107,104,m,105,103
38,2,10,105,104,m,104,103
39,2,10,109,109,m,107,105
40,2,10,106,103,m,105,102
41,2,10,105,102,m,96,92
42,2,10,106,107,m,105,104
43,2,10,105,107,m,104,105
44,2,10,110,102,m,108,101
45,2,10,103,102,m,95,93
46,2,10,108,104,m,99,95
47,2,10,112,104,m,110,101
48,2,10,101,101,m,95,92
49,2,10,110,101,m,108,100
50,2,10,105,101,m,96,92
51,2,10,105,104,m,104,103
52,2,10,107,102,m,106,101
53,2,10,103,101,m,95,92
54,2,10,101,100,m,95,92
55,2,10,102,99,m,95,92
56,2,10,100,101,m,94,92
57,2,10,108,101,m,107,100
58,2,10,104,105,m,103,104
59,2,10,108,108,m,106,105
60,2,10,110,105,m,108,103
61,2,10,104,107,m,103,105
62,2,10,101,98,m,92,88
63,2,10,103,105,m,102,104
64,2,10,102,105,m,101,104
65,2,10,107,101,m,97,92
66,2,10,106,100,m,97,91
67,2,10,99,97,m,92,88
68,2,10,101,104,m,94,94
69,2,10,109,100,m,108,99
70,2,10,96,106,m,90,96
71,2,10,99,99,m,94,92
72,2,10,105,99,m,97,91
73,2,10,102,98,m,95,91
74,2,10,108,98,m,98,90
75,2,10,107,100,m,97,91
76,2,10,106,98,m,97,91
77,2,10,104,99,m,96,91
78,2,10,112,102,m,110,100
79,2,10,98,98,m,91,88
80,2,10,103,103,m,95,93
81,2,10,96,104,m,91,98
82,2,6,117,107,m,112,102
83,2,6,112,108,m,108,104
84,2,6,114,109,m,109,104
85,2,6,103,115,m,100,110
86,2,6,116,107,m,111,102
87,2,6,121,111,i,0,0
88,2,6,110,108,m,106,104
89,2,6,110,106,m,107,103
90,2,6,101,115,m,98,111
91,2,6,110,115,i,0,0
92,2,6,116,106,m,111,101
93,2,6,114,106,m,110,102
94,2,6,106,108,m,103,105
95,2,6,100,115,m,97,111
96,2,6,100,113,m,98,110
97,2,6,115,104,m,110,101
98,2,6,116,113,i,0,0
99,2,6,108,107,m,105,104
0,1,12,83,78,a,92,88
1,1,12,79,85,a,94,93
2,1,12,84,78,a,92,88
3,1,9,79,84,a,91,87
4,1,9,81,82,a,92,88
5,1,9,82,81,a,92,88
6,1,9,83,82,a,92,88
7,1,9,79,82,a,91,87
8,1,9,83,84,a,88,93
9,1,9,81,85,a,88,93
10,1,9,84,86,a,88,93
11,1,9,84,81,a,92,88
12,1,9,81,83,a,92,88
13,1,9,84,81,a,92,88
14,1,9,86,81,a,91,89
15,1,9,83,79,a,92,88
16,1,9,80,81,a,91,87
17,1,9,80,87,a,89,95
18,1,9,80,84,a,91,87
19,1,9,81,83,a,92,88
20,1,9,87,83,a,91,87
21,1,9,82,86,a,89,95
22,1,9,86,81,a,93,89
23,2,10,105,101,m,100,96
24,2,10,104,99,m,99,95
25,2,10,103,100,m,99,95
26,2,10,102,99,m,94,90
27,2,10,101,98,m,94,90
28,2,10,100,97,m,93,90
29,2,10,101,97,m,94,90
30,2,10,99,97,m,91,87
31,2,10,103,98,m,94,90
32,2,10,103,97,m,94,89
33,2,10,100,96,m,91,87
34,2,10,102,96,m,94,89
35,2,10,101,95,m,92,87
36,2,10,99,96,m,91,87
37,2,10,98,94,m,89,85
38,2,10,97,94,m,88,86
39,2,10,101,99,m,94,90
40,2,10,97,93,m,89,86
41,2,10,96,92,m,90,84
42,2,10,98,96,m,91,87
43,2,10,97,96,m,90,86
44,2,10,100,94,m,90,86
45,2,10,95,92,m,90,83
46,2,10,99,94,m,89,85
47,2,10,102,95,m,94,89
48,2,10,93,91,m,87,86
49,2,10,100,93,m,90,85
50,2,10,96,91,m,88,86
51,2,10,97,94,m,89,85
52,2,10,98,93,m,89,85
53,2,10,94,91,m,89,82
54,2,10,93,90,m,88,85
55,2,10,93,90,m,89,82
56,2,10,92,90,m,86,86
57,2,10,98,92,m,90,84
58,2,10,96,95,m,88,86
59,2,10,100,98,m,93,90
60,2,10,101,96,m,91,87
61,2,10,97,96,m,89,86
62,2,10,92,88,m,86,85
63,2,10,95,94,m,89,85
64,2,10,95,94,m,87,86
65,2,10,97,92,m,90,83
66,2,10,96,91,m,88,86
67,2,10,91,87,x,0,0
68,2,10,94,93,m,87,86
69,2,10,99,91,m,90,84
70,2,10,89,95,m,85,87
71,2,10,91,89,m,89,84
72,2,10,95,90,m,87,86
73,2,10,93,89,m,89,82
74,2,10,98,90,m,88,86
75,2,10,97,91,m,90,83
76,2,10,96,90,m,87,86
77,2,10,95,90,m,89,82
78,2,10,102,94,m,92,86
79,2,10,90,87,x,0,0
80,2,10,95,92,m,88,86
81,2,10,88,93,m,85,87
82,2,6,111,102,m,107,99
83,2,6,106,102,m,101,97
84,2,6,108,103,m,105,100
85,2,6,98,108,m,94,102
86,2,6,109,102,m,106,99
87,2,6,114,105,m,113,104
88,2,6,104,101,m,100,97
89,2,6,104,100,m,99,95
90,2,6,97,108,m,94,102
91,2,6,106,109,m,102,103
92,2,6,110,100,m,106,98
93,2,6,108,100,m,102,96
94,2,6,101,101,m,97,96
95,2,6,96,108,m,93,103
96,2,6,96,106,m,92,100
97,2,6,108,99,m,103,95
98,2,6,110,107,m,105,101
99,2,6,103,101,m,98,95
0,1,12,84,78,a,90,83
1,1,12,79,85,a,86,88
2,1,12,84,78,a,90,83
3,1,9,79,84,a,84,88
4,1,9,81,82,a,84,88
5,1,9,82,81,a,89,80
6,1,9,83,82,a,89,80
7,1,9,79,82,a,86,88
8,1,9,83,84,a,86,86
9,1,9,81,85,a,84,88
10,1,9,84,86,a,84,87
11,1,9,84,81,a,89,80
12,1,9,81,83,a,84,88
13,1,9,84,81,a,89,80
14,1,9,86,81,a,89,80
15,1,9,83,79,a,89,80
16,1,9,80,81,i,0,0
17,1,9,80,87,a,84,88
18,1,9,80,84,a,84,88
19,1,9,81,83,a,84,88
20,1,9,87,83,a,89,82
21,1,9,82,86,a,84,88
22,1,9,86,81,a,89,80
23,2,10,96,91,m,90,83
24,2,10,94,90,m,87,86
25,2,10,94,90,m,90,82
26,2,10,93,89,m,84,88
27,2,10,92,88,m,89,81
28,2,10,91,87,m,83,87
29,2,10,92,87,m,88,79
30,2,10,91,87,m,83,88
31,2,10,93,89,m,90,82
32,2,10,93,88,m,87,86
33,2,10,91,86,m,88,79
34,2,10,92,87,m,87,86
35,2,10,91,86,m,88,79
36,2,10,90,86,m,80,89
37,2,10,90,85,m,87,76
38,2,10,88,86,m,78,89
39,2,10,92,89,m,89,81
40,2,10,88,86,m,79,89
41,2,10,90,83,m,84,75
42,2,10,90,86,m,80,89
43,2,10,89,86,m,88,79
44,2,10,90,85,m,80,89
45,2,10,90,81,m,86,78
46,2,10,89,86,m,78,88
47,2,10,92,87,m,88,79
48,2,10,84,87,a,84,86
49,2,10,90,84,m,86,76
50,2,10,86,88,m,80,88
51,2,10,90,84,m,87,76
52,2,10,89,86,m,79,89
53,2,10,89,80,x,0,0
54,2,10,88,85,a,87,83
55,2,10,89,82,a,87,83
56,2,10,86,86,a,84,86
57,2,10,91,83,m,86,76
58,2,10,88,86,m,78,89
59,2,10,91,88,m,88,79
60,2,10,91,87,m,82,89
61,2,10,89,86,m,88,79
62,2,10,86,85,x,0,0
63,2,10,90,84,m,86,76
64,2,10,84,88,m,78,88
65,2,10,90,83,m,87,78
66,2,10,86,88,m,78,88
67,2,10,88,84,x,0,0
68,2,10,84,88,x,0,0
69,2,10,90,83,m,84,75
70,2,10,85,87,a,84,86
71,2,10,89,84,a,87,83
72,2,10,84,88,a,80,87
73,2,10,89,80,a,86,81
74,2,10,88,86,m,79,89
75,2,10,90,82,m,85,75
76,2,10,84,88,m,78,88
77,2,10,89,80,m,87,79
78,2,10,91,86,m,83,88
79,2,10,83,77,x,0,0
80,2,10,85,88,a,84,86
81,2,10,85,87,a,84,86
82,2,6,105,97,m,99,92
83,2,6,100,96,m,96,90
84,2,6,102,97,m,96,92
85,2,6,94,102,m,90,95
86,2,6,103,96,m,98,92
87,2,6,108,100,m,104,97
88,2,6,98,95,m,93,92
89,2,6,98,94,a,87,83
90,2,6,93,101,m,88,95
91,2,6,101,102,m,96,95
92,2,6,103,95,m,97,91
93,2,6,102,95,m,96,90
94,2,6,96,95,a,87,83
95,2,6,92,101,m,90,94
96,2,6,92,99,a,84,86
97,2,6,102,94,m,96,89
98,2,6,104,101,m,100,96
99,2,6,97,94,m,95,90
0,1,12,84,78,a,84,75
1,1,12,79,85,a,78,87
2,1,12,84,78,a,84,75
3,1,9,79,84,a,77,87
4,1,9,81,82,a,78,88
5,1,9,82,81,a,86,75
6,1,9,83,82,a,86,86
7,1,9,79,82,a,78,89
8,1,9,83,84,a,86,86
9,1,9,81,85,a,83,87
10,1,9,84,86,x,0,0
11,1,9,84,81,a,86,78
12,1,9,81,83,a,83,87
13,1,9,84,81,a,86,78
14,1,9,86,81,a,89,82
15,1,9,83,79,a,86,75
16,1,9,80,81,a,83,74
17,1,9,80,87,a,79,88
18,1,9,80,84,a,78,87
19,1,9,81,83,a,83,87
20,1,9,87,83,x,0,0
21,1,9,82,86,a,83,87
22,1,9,86,81,a,89,82
23,2,10,90,82,m,85,74
24,2,10,81,90,m,75,87
25,2,10,90,81,m,83,74
26,2,10,79,91,m,75,87
27,2,10,88,79,m,82,76
28,2,10,83,87,a,82,86
29,2,10,86,74,m,82,76
30,2,10,78,90,m,75,84
31,2,10,89,79,m,82,76
32,2,10,81,90,m,75,86
33,2,10,87,74,m,82,76
34,2,10,81,90,m,75,85
35,2,10,86,74,m,82,76
36,2,10,78,90,m,76,83
37,2,10,87,74,m,82,76
38,2,10,78,88,m,77,82
39,2,10,89,79,m,82,76
40,2,10,78,89,m,76,84
41,2,10,84,75,a,84,78
42,2,10,78,90,m,77,82
43,2,10,87,76,m,82,76
44,2,10,78,90,m,76,83
45,2,10,86,78,a,84,78
46,2,10,76,88,a,79,85
47,2,10,86,74,m,82,76
48,2,10,84,87,a,84,86
49,2,10,86,74,m,82,76
50,2,10,79,88,a,80,87
51,2,10,86,75,m,82,76
52,2,10,77,89,m,77,82
53,2,10,87,79,x,0,0
54,2,10,88,85,a,87,83
55,2,10,89,82,a,87,83
56,2,10,86,86,a,84,86
57,2,10,85,76,a,84,78
58,2,10,77,88,m,77,82
59,2,10,88,79,m,82,76
60,2,10,81,89,m,75,84
61,2,10,87,76,m,82,76
62,2,10,86,85,x,0,0
63,2,10,86,75,a,84,78
64,2,10,77,87,a,79,85
65,2,10,84,75,x,0,0
66,2,10,78,87,a,79,85
67,2,10,88,84,x,0,0
68,2,10,83,87,x,0,0
69,2,10,83,74,a,84,78
70,2,10,85,87,a,84,86
71,2,10,89,84,a,87,83
72,2,10,81,88,a,80,87
73,2,10,88,80,x,0,0
74,2,10,78,89,a,79,85
75,2,10,84,74,a,84,78
76,2,10,77,87,a,79,85
77,2,10,83,75,a,84,78
78,2,10,78,88,m,76,83
79,2,10,75,66,x,0,0
80,2,10,84,87,a,84,86
81,2,10,85,87,a,84,86
82,2,6,98,92,m,93,92
83,2,6,96,90,a,87,83
84,2,6,96,91,m,90,94
85,2,6,90,95,m,94,91
86,2,6,97,91,m,92,92
87,2,6,102,95,m,96,90
88,2,6,93,92,m,89,95
89,2,6,94,90,m,94,89
90,2,6,88,96,a,84,86
91,2,6,96,95,m,96,90
92,2,6,97,90,m,92,92
93,2,6,96,90,m,97,85
94,2,6,93,91,a,87,83
95,2,6,90,94,a,84,86
96,2,6,89,94,m,88,94
97,2,6,96,89,a,87,83
98,2,6,98,95,m,94,92
99,2,6,97,89,m,97,85
0,1,12,84,78,a,86,78
1,1,12,79,85,a,78,87
2,1,12,84,78,x,0,0
3,1,9,79,84,a,77,82
4,1,9,81,82,a,76,82
5,1,9,82,81,a,76,82
6,1,9,83,82,a,84,85
7,1,9,79,82,a,77,82
8,1,9,83,84,a,84,85
9,1,9,81,85,a,84,87
10,1,9,84,86,x,0,0
11,1,9,84,81,a,88,85
12,1,9,81,83,a,77,82
13,1,9,84,81,a,88,85
14,1,9,86,81,a,88,85
15,1,9,83,79,a,76,82
16,1,9,80,81,a,77,81
17,1,9,80,87,a,79,88
18,1,9,80,84,a,77,82
19,1,9,81,83,a,84,85
20,1,9,87,83,x,0,0
21,1,9,82,86,a,84,87
22,1,9,86,81,a,88,82
23,2,10,84,74,a,84,78
24,2,10,75,86,m,80,78
25,2,10,83,74,a,84,78
26,2,10,74,86,m,81,78
27,2,10,82,76,a,84,78
28,2,10,83,87,x,0,0
29,2,10,82,76,a,84,78
30,2,10,76,82,m,82,75
31,2,10,82,76,a,84,78
32,2,10,75,85,m,81,78
33,2,10,82,76,a,84,78
34,2,10,75,83,m,81,78
35,2,10,82,76,a,84,78
36,2,10,76,82,m,83,75
37,2,10,82,76,a,84,78
38,2,10,77,82,a,79,82
39,2,10,82,76,a,84,78
40,2,10,76,84,a,79,85
41,2,10,84,75,a,84,78
42,2,10,76,82,a,80,81
43,2,10,82,76,a,84,78
44,2,10,76,82,m,82,75
45,2,10,86,78,a,84,78
46,2,10,76,87,a,79,85
47,2,10,82,76,a,84,78
48,2,10,84,87,a,82,86
49,2,10,82,76,a,84,78
50,2,10,79,88,a,80,87
51,2,10,82,76,a,84,78
52,2,10,77,81,m,81,76
53,2,10,87,79,x,0,0
54,2,10,88,85,a,86,81
55,2,10,88,82,a,86,81
56,2,10,84,85,x,0,0
57,2,10,85,76,a,84,78
58,2,10,77,81,a,80,81
59,2,10,82,76,a,84,78
60,2,10,75,83,m,81,76
61,2,10,82,76,a,84,78
62,2,10,86,85,x,0,0
63,2,10,82,76,a,84,78
64,2,10,77,87,a,79,85
65,2,10,84,75,x,0,0
66,2,10,78,87,a,79,85
67,2,10,88,84,x,0,0
68,2,10,83,87,x,0,0
69,2,10,82,76,a,84,78
70,2,10,81,90,m,75,85
71,2,10,89,84,a,86,81
72,2,10,81,88,a,80,87
73,2,10,88,80,x,0,0
74,2,10,76,86,a,79,85
75,2,10,82,76,a,84,78
76,2,10,77,87,a,79,85
77,2,10,83,75,x,0,0
78,2,10,76,82,m,82,75
79,2,10,67,55,x,0,0
80,2,10,82,90,m,75,85
81,2,10,85,87,m,88,80
82,2,6,93,92,m,87,95
83,2,6,96,86,m,96,86
84,2,6,90,95,m,85,97
85,2,6,96,91,m,96,88
86,2,6,91,95,a,82,86
87,2,6,96,89,m,97,83
88,2,6,88,96,a,80,87
89,2,6,94,89,a,86,81
90,2,6,87,95,m,84,97
91,2,6,97,89,m,97,83
92,2,6,91,95,m,87,95
93,2,6,98,85,a,86,81
94,2,6,93,91,m,93,90
95,2,6,90,93,a,82,86
96,2,6,87,97,m,84,96
97,2,6,96,88,a,86,81
98,2,6,93,92,m,88,95
99,2,6,98,85,a,86,81
0,1,12,84,78,a,82,76
1,1,12,79,85,a,77,87
2,1,12,84,78,x,0,0
3,1,9,79,84,a,76,84
4,1,9,81,82,a,79,80
5,1,9,82,81,a,79,80
6,1,9,83,82,a,87,83
7,1,9,79,82,a,78,81
8,1,9,83,84,a,83,87
9,1,9,81,85,a,81,88
10,1,9,84,86,x,0,0
11,1,9,84,81,a,88,80
12,1,9,81,83,a,78,81
13,1,9,84,81,a,88,80
14,1,9,86,81,x,0,0
15,1,9,83,79,a,79,80
16,1,9,80,81,a,78,81
17,1,9,80,87,x,0,0
18,1,9,80,84,a,78,81
19,1,9,81,83,a,78,81
20,1,9,87,83,x,0,0
21,1,9,82,86,a,81,88
22,1,9,86,81,a,88,80
23,2,10,82,76,a,84,78
24,2,10,81,78,m,87,77
25,2,10,82,76,a,84,78
26,2,10,81,75,m,87,76
27,2,10,82,76,a,84,78
28,2,10,83,87,x,0,0
29,2,10,82,76,a,84,78
30,2,10,82,75,m,88,79
31,2,10,82,76,a,84,78
32,2,10,81,75,m,87,77
33,2,10,82,76,a,84,78
34,2,10,81,75,m,88,79
35,2,10,82,76,m,77,81
36,2,10,84,74,m,86,77
37,2,10,82,76,a,84,78
38,2,10,77,82,x,0,0
39,2,10,82,76,m,77,82
40,2,10,76,84,a,79,85
41,2,10,84,75,a,84,78
42,2,10,79,80,a,80,81
43,2,10,82,76,m,77,82
44,2,10,84,74,m,86,77
45,2,10,86,78,x,0,0
46,2,10,76,87,a,79,85
47,2,10,82,76,m,81,78
48,2,10,83,87,x,0,0
49,2,10,82,76,a,84,78
50,2,10,79,88,x,0,0
51,2,10,82,76,a,84,78
52,2,10,81,76,a,84,78
53,2,10,87,79,x,0,0
54,2,10,87,83,x,0,0
55,2,10,88,82,a,86,81
56,2,10,84,85,x,0,0
57,2,10,85,76,a,84,78
58,2,10,78,81,a,80,81
59,2,10,82,76,m,81,78
60,2,10,81,75,m,88,79
61,2,10,82,76,m,77,82
62,2,10,86,85,x,0,0
63,2,10,82,76,m,81,78
64,2,10,77,87,a,79,85
65,2,10,84,75,x,0,0
66,2,10,78,87,x,0,0
67,2,10,88,84,x,0,0
68,2,10,83,87,x,0,0
69,2,10,82,76,a,84,78
70,2,10,74,84,m,81,78
71,2,10,88,80,a,86,81
72,2,10,81,88,a,80,87
73,2,10,88,80,x,0,0
74,2,10,76,86,a,79,85
75,2,10,82,76,m,81,78
76,2,10,77,87,a,79,85
77,2,10,83,75,x,0,0
78,2,10,82,75,m,89,80
79,2,10,59,45,x,0,0
80,2,10,75,84,m,81,78
81,2,10,88,79,m,81,75
82,2,6,87,95,m,82,98
83,2,6,98,84,m,97,80
84,2,6,84,98,a,80,87
85,2,6,99,86,m,97,82
86,2,6,88,93,a,82,86
87,2,6,98,82,m,96,80
88,2,6,85,95,a,80,87
89,2,6,93,88,a,86,81
90,2,6,83,98,a,80,87
91,2,6,98,82,a,86,81
92,2,6,86,97,m,80,98
93,2,6,96,82,i,0,0
94,2,6,92,90,a,86,81
95,2,6,89,92,a,82,86
96,2,6,84,96,a,80,87
97,2,6,94,87,a,86,81
98,2,6,87,95,m,82,98
99,2,6,95,84,a,86,81
0,1,12,84,78,a,84,75
1,1,12,79,85,a,77,87
2,1,12,84,78,x,0,0
3,1,9,79,84,a,77,82
4,1,9,81,82,a,77,82
5,1,9,82,81,a,77,82
6,1,9,83,82,a,89,80
7,1,9,79,82,a,77,82
8,1,9,83,84,a,81,88
9,1,9,81,85,a,81,88
10,1,9,84,86,x,0,0
11,1,9,84,81,a,89,80
12,1,9,81,83,a,77,82
13,1,9,84,81,a,89,80
14,1,9,86,81,x,0,0
15,1,9,83,79,a,81,76
16,1,9,80,81,i,0,0
17,1,9,80,87,x,0,0
18,1,9,80,84,a,77,82
19,1,9,81,83,a,77,82
20,1,9,87,83,x,0,0
21,1,9,82,86,x,0,0
22,1,9,86,81,x,0,0
23,2,10,82,76,a,84,78
24,2,10,88,78,m,86,85
25,2,10,82,76,a,84,78
26,2,10,87,77,m,85,85
27,2,10,82,76,a,84,78
28,2,10,83,87,x,0,0
29,2,10,82,76,a,84,78
30,2,10,89,80,m,85,84
31,2,10,82,76,a,84,78
32,2,10,88,78,m,85,85
33,2,10,82,76,a,84,78
34,2,10,89,79,m,84,85
35,2,10,76,82,m,79,89
36,2,10,86,78,a,84,78
37,2,10,82,76,a,84,78
38,2,10,77,82,x,0,0
39,2,10,77,82,a,79,82
40,2,10,76,84,a,79,85
41,2,10,84,75,a,84,78
42,2,10,79,80,x,0,0
43,2,10,74,84,m,78,88
44,2,10,89,80,a,86,81
45,2,10,86,78,x,0,0
46,2,10,76,87,a,79,85
47,2,10,77,81,m,78,89
48,2,10,83,87,x,0,0
49,2,10,82,76,a,84,78
50,2,10,79,88,x,0,0
51,2,10,82,76,a,84,78
52,2,10,81,76,a,84,78
53,2,10,87,79,x,0,0
54,2,10,87,83,x,0,0
55,2,10,90,80,m,84,74
56,2,10,84,85,x,0,0
57,2,10,85,76,a,84,78
58,2,10,78,81,x,0,0
59,2,10,76,81,m,76,88
60,2,10,89,80,m,84,85
61,2,10,74,84,m,78,88
62,2,10,86,85,x,0,0
63,2,10,76,81,m,76,88
64,2,10,77,87,a,79,85
65,2,10,84,75,x,0,0
66,2,10,78,87,x,0,0
67,2,10,88,84,x,0,0
68,2,10,83,87,x,0,0
69,2,10,82,76,a,84,78
70,2,10,81,75,m,87,78
71,2,10,88,80,a,86,81
72,2,10,81,88,x,0,0
73,2,10,88,80,x,0,0
74,2,10,76,86,a,79,85
75,2,10,76,81,m,77,88
76,2,10,77,87,a,79,85
77,2,10,83,75,x,0,0
78,2,10,89,80,m,87,83
79,2,10,52,34,x,0,0
80,2,10,81,75,m,87,78
81,2,10,81,75,x,0,0
82,2,6,81,98,m,76,96
83,2,6,97,79,m,95,77
84,2,6,80,97,i,0,0
85,2,6,98,80,m,95,75
86,2,6,88,93,m,87,93
87,2,6,96,80,i,0,0
88,2,6,85,95,a,82,86
89,2,6,93,88,a,86,81
90,2,6,82,96,a,82,86
91,2,6,95,78,i,0,0
92,2,6,79,98,a,79,85
93,2,6,96,82,a,86,81
94,2,6,92,89,a,86,81
95,2,6,89,92,i,0,0
96,2,6,84,96,a,82,86
97,2,6,94,87,m,94,86
98,2,6,81,98,m,76,96
99,2,6,95,84,a,86,81
0,1,12,84,78,x,0,0
1,1,12,79,85,x,0,0
2,1,12,84,78,x,0,0
3,1,9,79,84,a,76,84
4,1,9,81,82,a,85,84
5,1,9,82,81,a,87,83
6,1,9,83,82,a,87,83
7,1,9,79,82,a,82,76
8,1,9,83,84,a,85,84
9,1,9,81,85,a,85,87
10,1,9,84,86,x,0,0
11,1,9,84,81,a,87,80
12,1,9,81,83,a,85,87
13,1,9,84,81,a,87,83
14,1,9,86,81,x,0,0
15,1,9,83,79,a,86,78
16,1,9,80,81,a,82,76
17,1,9,80,87,x,0,0
18,1,9,80,84,a,85,87
19,1,9,81,83,a,84,85
20,1,9,87,83,x,0,0
21,1,9,82,86,x,0,0
22,1,9,86,81,x,0,0
23,2,10,82,76,m,78,80
24,2,10,86,86,a,81,85
25,2,10,82,76,m,78,81
26,2,10,85,86,a,81,85
27,2,10,82,76,m,78,79
28,2,10,83,87,x,0,0
29,2,10,82,76,m,78,80
30,2,10,85,84,a,83,84
31,2,10,82,76,a,84,78
32,2,10,85,87,a,81,85
33,2,10,82,76,m,78,80
34,2,10,84,85,a,83,84
35,2,10,79,89,m,81,87
36,2,10,86,78,a,83,79
37,2,10,82,76,a,84,78
38,2,10,77,82,x,0,0
39,2,10,77,82,x,0,0
40,2,10,76,84,a,79,85
41,2,10,84,75,m,80,78
42,2,10,79,80,x,0,0
43,2,10,78,88,a,79,85
44,2,10,88,82,m,82,87
45,2,10,86,78,x,0,0
46,2,10,76,87,a,79,85
47,2,10,78,90,m,86,84
48,2,10,83,87,x,0,0
49,2,10,82,76,a,84,78
50,2,10,79,88,x,0,0
51,2,10,82,76,a,84,78
52,2,10,81,76,m,84,77
53,2,10,87,79,x,0,0
54,2,10,87,83,x,0,0
55,2,10,83,74,m,79,80
56,2,10,84,85,x,0,0
57,2,10,85,76,m,83,77
58,2,10,78,81,x,0,0
59,2,10,77,90,m,85,86
60,2,10,84,87,a,81,85
61,2,10,79,90,m,85,85
62,2,10,86,85,x,0,0
63,2,10,76,89,m,85,86
64,2,10,77,87,a,79,85
65,2,10,84,75,x,0,0
66,2,10,78,87,x,0,0
67,2,10,88,84,x,0,0
68,2,10,83,87,x,0,0
69,2,10,82,76,a,83,79
70,2,10,88,78,m,84,87
71,2,10,87,80,a,84,81
72,2,10,81,88,x,0,0
73,2,10,88,80,x,0,0
74,2,10,76,86,a,79,85
75,2,10,77,90,m,85,86
76,2,10,77,87,x,0,0
77,2,10,83,75,x,0,0
78,2,10,87,83,a,84,81
79,2,10,44,23,x,0,0
80,2,10,90,82,m,84,87
81,2,10,82,83,x,0,0
82,2,6,76,96,a,79,85
83,2,6,95,77,m,94,77
84,2,6,80,97,m,75,97
85,2,6,95,75,a,84,81
86,2,6,87,93,a,81,85
87,2,6,96,80,m,95,80
88,2,6,85,95,m,85,95
89,2,6,93,88,m,92,87
90,2,6,81,95,m,81,95
91,2,6,95,78,a,84,81
92,2,6,78,96,a,81,85
93,2,6,96,82,m,94,78
94,2,6,92,89,a,83,84
95,2,6,89,92,m,89,92
96,2,6,83,95,a,81,85
97,2,6,94,86,a,84,81
98,2,6,76,96,a,79,85
99,2,6,95,84,m,94,84
0,1,12,84,78,x,0,0
1,1,12,79,85,x,0,0
2,1,12,84,78,x,0,0
3,1,9,79,84,a,77,84
4,1,9,81,82,a,81,79
5,1,9,82,81,a,81,79
6,1,9,83,82,a,85,84
7,1,9,79,82,a,78,81
8,1,9,83,84,a,85,84
9,1,9,81,85,x,0,0
10,1,9,84,86,x,0,0
11,1,9,84,81,a,84,77
12,1,9,81,83,a,82,88
13,1,9,84,81,x,0,0
14,1,9,86,81,x,0,0
15,1,9,83,79,a,84,79
16,1,9,80,81,a,78,81
17,1,9,80,87,x,0,0
18,1,9,80,84,a,78,86
19,1,9,81,83,a,82,88
20,1,9,87,83,x,0,0
21,1,9,82,86,x,0,0
22,1,9,86,81,x,0,0
23,2,10,76,80,m,80,87
24,2,10,83,87,a,81,85
25,2,10,78,81,a,80,81
26,2,10,82,87,a,81,85
27,2,10,77,80,m,80,87
28,2,10,83,87,x,0,0
29,2,10,76,81,m,80,87
30,2,10,85,84,a,83,84
31,2,10,78,80,m,79,87
32,2,10,82,87,a,81,85
33,2,10,76,81,m,80,87
34,2,10,84,85,a,83,84
35,2,10,81,87,a,81,85
36,2,10,84,79,a,83,79
37,2,10,81,79,a,83,79
38,2,10,77,82,x,0,0
39,2,10,77,82,x,0,0
40,2,10,77,84,a,79,84
41,2,10,78,79,m,77,86
42,2,10,79,80,x,0,0
43,2,10,78,86,a,79,84
44,2,10,82,88,m,80,86
45,2,10,86,78,x,0,0
46,2,10,76,85,m,79,79
47,2,10,88,82,m,83,77
48,2,10,83,87,x,0,0
49,2,10,78,80,m,79,87
50,2,10,79,88,x,0,0
51,2,10,78,80,m,79,87
52,2,10,84,77,m,86,80
53,2,10,87,79,x,0,0
54,2,10,87,83,x,0,0
55,2,10,79,80,x,0,0
56,2,10,84,85,x,0,0
57,2,10,81,76,m,77,84
58,2,10,78,81,x,0,0
59,2,10,86,85,m,84,77
60,2,10,82,87,a,81,85
61,2,10,87,84,m,83,77
62,2,10,86,85,x,0,0
63,2,10,85,86,m,84,77
64,2,10,75,85,m,79,80
65,2,10,84,75,x,0,0
66,2,10,78,87,x,0,0
67,2,10,88,84,x,0,0
68,2,10,83,87,x,0,0
69,2,10,82,78,a,83,79
70,2,10,83,88,m,77,83
71,2,10,86,81,x,0,0
72,2,10,81,88,x,0,0
73,2,10,88,80,x,0,0
74,2,10,76,85,m,79,79
75,2,10,86,85,m,84,77
76,2,10,77,87,x,0,0
77,2,10,83,75,x,0,0
78,2,10,86,82,x,0,0
79,2,10,36,13,x,0,0
80,2,10,83,88,m,77,83
81,2,10,93,90,x,0,0
82,2,6,76,96,a,81,85
83,2,6,94,75,m,91,74
84,2,6,73,97,a,79,84
85,2,6,92,76,a,84,81
86,2,6,87,93,a,81,85
87,2,6,95,78,m,93,74
88,2,6,83,96,m,80,95
89,2,6,95,85,a,84,81
90,2,6,81,95,a,81,85
91,2,6,94,79,a,84,81
92,2,6,78,94,i,0,0
93,2,6,95,77,m,91,73
94,2,6,91,89,a,83,84
95,2,6,89,92,a,83,84
96,2,6,83,95,i,0,0
97,2,6,93,86,a,84,81
98,2,6,74,95,m,75,94
99,2,6,94,84,a,84,81
0,1,12,84,78,x,0,0
1,1,12,79,85,x,0,0
2,1,12,84,78,x,0,0
3,1,9,79,84,a,77,84
4,1,9,81,82,a,79,80
5,1,9,82,81,a,81,79
6,1,9,83,82,a,85,84
7,1,9,79,82,a,78,81
8,1,9,83,84,x,0,0
9,1,9,81,85,x,0,0
10,1,9,84,86,x,0,0
11,1,9,84,81,a,86,80
12,1,9,81,83,a,80,86
13,1,9,84,81,x,0,0
14,1,9,86,81,x,0,0
15,1,9,83,79,a,84,79
16,1,9,80,81,a,78,81
17,1,9,80,87,x,0,0
18,1,9,80,84,a,80,86
19,1,9,81,83,a,80,86
20,1,9,87,83,x,0,0
21,1,9,82,86,x,0,0
22,1,9,86,81,x,0,0
23,2,10,82,87,m,86,83
24,2,10,77,87,m,77,81
25,2,10,78,81,a,80,81
26,2,10,78,87,m,77,81
27,2,10,81,87,m,85,84
28,2,10,83,87,x,0,0
29,2,10,81,87,m,86,83
30,2,10,85,84,a,83,84
31,2,10,80,87,m,85,84
32,2,10,78,87,m,77,81
33,2,10,81,87,m,86,83
34,2,10,84,85,m,80,87
35,2,10,84,87,m,85,82
36,2,10,84,79,a,83,79
37,2,10,81,79,a,83,79
38,2,10,77,82,x,0,0
39,2,10,77,82,x,0,0
40,2,10,77,84,a,79,84
41,2,10,78,87,m,82,85
42,2,10,79,80,x,0,0
43,2,10,79,86,a,79,84
44,2,10,80,86,a,80,84
45,2,10,86,78,x,0,0
46,2,10,82,76,m,86,81
47,2,10,82,76,m,77,82
48,2,10,83,87,x,0,0
49,2,10,80,87,m,86,83
50,2,10,79,88,x,0,0
51,2,10,80,87,m,85,84
52,2,10,86,80,a,84,81
53,2,10,87,79,x,0,0
54,2,10,87,83,x,0,0
55,2,10,79,80,x,0,0
56,2,10,84,85,x,0,0
57,2,10,77,85,m,83,85
58,2,10,78,81,x,0,0
59,2,10,83,76,m,77,82
60,2,10,78,87,m,78,80
61,2,10,81,76,m,77,82
62,2,10,86,85,x,0,0
63,2,10,84,77,m,77,81
64,2,10,79,80,x,0,0
65,2,10,84,75,x,0,0
66,2,10,78,87,x,0,0
67,2,10,88,84,x,0,0
68,2,10,83,87,x,0,0
69,2,10,82,78,a,83,79
70,2,10,77,82,m,83,77
71,2,10,86,81,x,0,0
72,2,10,81,88,x,0,0
73,2,10,88,80,x,0,0
74,2,10,82,76,m,86,82
75,2,10,84,77,m,77,82
76,2,10,77,87,x,0,0
77,2,10,83,75,x,0,0
78,2,10,86,82,x,0,0
79,2,10,28,2,x,0,0
80,2,10,76,82,m,83,77
81,2,10,104,97,x,0,0
82,2,6,77,93,a,79,84
83,2,6,91,74,a,83,79
84,2,6,74,92,i,0,0
85,2,6,92,76,m,92,76
86,2,6,87,93,a,83,84
87,2,6,93,72,a,83,79
88,2,6,77,96,m,75,94
89,2,6,93,82,i,0,0
90,2,6,81,95,a,80,84
91,2,6,94,79,a,84,81
92,2,6,78,94,m,73,93
93,2,6,91,73,a,83,79
94,2,6,91,89,m,90,88
95,2,6,89,92,a,83,84
96,2,6,83,95,m,83,94
97,2,6,93,86,a,84,81
98,2,6,73,93,a,79,84
99,2,6,94,84,m,95,79
0,1,12,84,78,x,0,0
1,1,12,79,85,x,0,0
2,1,12,84,78,x,0,0
3,1,9,79,84,x,0,0
4,1,9,81,82,a,81,79
5,1,9,82,81,a,81,79
6,1,9,83,82,a,86,82
7,1,9,79,82,a,77,84
8,1,9,83,84,x,0,0
9,1,9,81,85,x,0,0
10,1,9,84,86,x,0,0
11,1,9,84,81,x,0,0
12,1,9,81,83,a,82,85
13,1,9,84,81,x,0,0
14,1,9,86,81,x,0,0
15,1,9,83,79,x,0,0
16,1,9,80,81,a,78,79
17,1,9,80,87,x,0,0
18,1,9,80,84,a,79,86
19,1,9,81,83,a,82,85
20,1,9,87,83,x,0,0
21,1,9,82,86,x,0,0
22,1,9,86,81,x,0,0
23,2,10,86,82,m,83,79
24,2,10,77,79,m,82,79
25,2,10,78,81,x,0,0
26,2,10,77,79,m,84,79
27,2,10,86,83,m,83,79
28,2,10,83,87,x,0,0
29,2,10,87,83,m,83,79
30,2,10,84,83,x,0,0
31,2,10,86,83,m,83,79
32,2,10,77,79,m,85,79
33,2,10,86,82,m,83,79
34,2,10,79,87,m,77,82
35,2,10,85,82,a,84,81
36,2,10,84,79,a,83,79
37,2,10,81,79,a,83,79
38,2,10,77,82,x,0,0
39,2,10,77,82,x,0,0
40,2,10,77,84,a,79,84
41,2,10,82,85,a,81,83
42,2,10,79,80,x,0,0
43,2,10,79,86,a,79,84
44,2,10,80,86,x,0,0
45,2,10,86,78,x,0,0
46,2,10,87,82,m,80,87
47,2,10,76,84,m,83,85
48,2,10,83,87,x,0,0
49,2,10,87,83,m,83,79
50,2,10,79,88,x,0,0
51,2,10,86,83,m,83,79
52,2,10,85,80,a,84,81
53,2,10,87,79,x,0,0
54,2,10,87,83,x,0,0
55,2,10,79,80,x,0,0
56,2,10,84,85,x,0,0
57,2,10,85,84,m,83,79
58,2,10,78,81,x,0,0
59,2,10,76,84,m,81,86
60,2,10,78,79,a,80,81
61,2,10,76,84,m,80,86
62,2,10,86,85,x,0,0
63,2,10,77,82,m,81,86
64,2,10,79,80,x,0,0
65,2,10,84,75,x,0,0
66,2,10,78,87,x,0,0
67,2,10,88,84,x,0,0
68,2,10,83,87,x,0,0
69,2,10,82,78,m,78,80
70,2,10,83,77,m,85,84
71,2,10,86,81,x,0,0
72,2,10,81,88,x,0,0
73,2,10,88,80,x,0,0
74,2,10,86,82,a,83,82
75,2,10,77,82,m,81,86
76,2,10,77,87,x,0,0
77,2,10,83,75,x,0,0
78,2,10,86,82,x,0,0
79,2,10,20,-8,x,0,0
80,2,10,83,77,m,86,83
81,2,10,115,105,x,0,0
82,2,6,77,93,a,80,84
83,2,6,91,74,m,90,75
84,2,6,74,92,a,79,84
85,2,6,92,72,m,88,70
86,2,6,87,93,a,81,83
87,2,6,88,71,i,0,0
88,2,6,73,94,m,70,88
89,2,6,93,82,a,84,81
90,2,6,81,94,a,80,84
91,2,6,93,79,a,84,81
92,2,6,73,92,a,79,84
93,2,6,90,73,i,0,0
94,2,6,90,88,a,83,82
95,2,6,89,92,a,83,82
96,2,6,81,96,a,80,84
97,2,6,92,85,a,84,81
98,2,6,72,91,i,0,0
99,2,6,95,78,a,84,81
0,1,12,84,78,x,0,0
1,1,12,79,85,x,0,0
2,1,12,84,78,x,0,0
3,1,9,79,84,x,0,0
4,1,9,81,82,a,79,80
5,1,9,82,81,a,79,80
6,1,9,83,82,x,0,0
7,1,9,79,82,a,77,82
8,1,9,83,84,x,0,0
9,1,9,81,85,x,0,0
10,1,9,84,86,x,0,0
11,1,9,84,81,x,0,0
12,1,9,81,83,a,80,86
13,1,9,84,81,x,0,0
14,1,9,86,81,x,0,0
15,1,9,83,79,x,0,0
16,1,9,80,81,a,79,80
17,1,9,80,87,x,0,0
18,1,9,80,84,x,0,0
19,1,9,81,83,a,84,83
20,1,9,87,83,x,0,0
21,1,9,82,86,x,0,0
22,1,9,86,81,x,0,0
23,2,10,78,78,m,78,84
24,2,10,85,78,m,84,85
25,2,10,78,81,x,0,0
26,2,10,87,79,m,83,85
27,2,10,78,78,m,78,84
28,2,10,83,87,x,0,0
29,2,10,78,78,m,78,84
30,2,10,84,83,x,0,0
31,2,10,78,78,m,78,84
32,2,10,87,79,m,83,85
33,2,10,78,78,m,78,84
34,2,10,77,82,a,79,82
35,2,10,85,82,a,83,82
36,2,10,87,79,m,83,86
37,2,10,81,79,x,0,0
38,2,10,77,82,x,0,0
39,2,10,77,82,x,0,0
40,2,10,76,82,x,0,0
41,2,10,82,85,x,0,0
42,2,10,79,80,x,0,0
43,2,10,79,86,m,82,85
44,2,10,80,86,x,0,0
45,2,10,86,78,x,0,0
46,2,10,78,87,a,80,84
47,2,10,83,85,m,84,80
48,2,10,83,87,x,0,0
49,2,10,78,78,m,78,84
50,2,10,79,88,x,0,0
51,2,10,78,78,m,78,84
52,2,10,85,80,m,82,86
53,2,10,87,79,x,0,0
54,2,10,87,83,x,0,0
55,2,10,79,80,x,0,0
56,2,10,84,85,x,0,0
57,2,10,82,78,m,77,84
58,2,10,78,81,x,0,0
59,2,10,83,86,m,82,80
60,2,10,79,80,a,80,81
61,2,10,80,86,a,80,84
62,2,10,86,85,x,0,0
63,2,10,83,86,m,84,79
64,2,10,79,80,x,0,0
65,2,10,84,75,x,0,0
66,2,10,78,87,x,0,0
67,2,10,88,84,x,0,0
68,2,10,83,87,x,0,0
69,2,10,78,80,m,80,86
70,2,10,85,85,m,78,84
71,2,10,86,81,x,0,0
72,2,10,81,88,x,0,0
73,2,10,88,80,x,0,0
74,2,10,84,83,a,83,82
75,2,10,83,86,m,83,79
76,2,10,77,87,x,0,0
77,2,10,83,75,x,0,0
78,2,10,86,82,x,0,0
79,2,10,13,-19,x,0,0
80,2,10,85,84,m,78,84
81,2,10,126,112,x,0,0
82,2,6,77,93,i,0,0
83,2,6,90,75,a,83,82
84,2,6,74,92,a,80,84
85,2,6,87,70,a,82,81
86,2,6,86,91,a,81,83
87,2,6,88,71,a,83,82
88,2,6,70,88,a,79,82
89,2,6,93,82,a,83,82
90,2,6,81,94,a,80,84
91,2,6,93,79,m,93,79
92,2,6,71,89,m,72,89
93,2,6,90,73,m,87,72
94,2,6,90,88,a,83,82
95,2,6,88,90,a,83,82
96,2,6,79,94,a,80,84
97,2,6,92,85,m,91,85
98,2,6,72,91,m,73,90
99,2,6,93,77,a,83,82
0,1,12,84,78,x,0,0
1,1,12,79,85,x,0,0
2,1,12,84,78,x,0,0
3,1,9,79,84,x,0,0
4,1,9,81,82,a,83,83
5,1,9,82,81,a,82,80
6,1,9,83,82,x,0,0
7,1,9,79,82,a,77,82
8,1,9,83,84,x,0,0
9,1,9,81,85,x,0,0
10,1,9,84,86,x,0,0
11,1,9,84,81,x,0,0
12,1,9,81,83,a,82,85
13,1,9,84,81,x,0,0
14,1,9,86,81,x,0,0
15,1,9,83,79,x,0,0
16,1,9,80,81,a,82,78
17,1,9,80,87,x,0,0
18,1,9,80,84,x,0,0
19,1,9,81,83,a,82,85
20,1,9,87,83,x,0,0
21,1,9,82,86,x,0,0
22,1,9,86,81,x,0,0
23,2,10,78,87,m,84,83
24,2,10,84,86,m,76,82
25,2,10,78,81,x,0,0
26,2,10,83,86,m,77,82
27,2,10,78,87,m,84,83
28,2,10,83,87,x,0,0
29,2,10,78,87,m,84,83
30,2,10,84,83,x,0,0
31,2,10,78,87,m,84,84
32,2,10,82,86,m,77,82
33,2,10,78,87,m,84,83
34,2,10,77,82,a,79,82
35,2,10,85,82,a,82,81
36,2,10,82,86,m,77,82
37,2,10,81,79,x,0,0
38,2,10,77,82,x,0,0
39,2,10,77,82,x,0,0
40,2,10,87,85,x,0,0
41,2,10,82,85,x,0,0
42,2,10,79,80,x,0,0
43,2,10,82,85,a,81,83
44,2,10,80,86,x,0,0
45,2,10,86,78,x,0,0
46,2,10,79,85,a,79,82
47,2,10,84,80,m,79,79
48,2,10,83,87,x,0,0
49,2,10,78,87,m,84,83
50,2,10,79,88,x,0,0
51,2,10,78,87,m,84,84
52,2,10,81,86,m,78,81
53,2,10,87,79,x,0,0
54,2,10,87,83,x,0,0
55,2,10,79,80,x,0,0
56,2,10,84,85,x,0,0
57,2,10,77,84,m,84,84
58,2,10,78,81,x,0,0
59,2,10,82,80,a,82,81
60,2,10,79,80,x,0,0
61,2,10,80,86,m,84,80
62,2,10,86,85,x,0,0
63,2,10,83,78,m,78,81
64,2,10,79,80,x,0,0
65,2,10,84,75,x,0,0
66,2,10,78,87,x,0,0
67,2,10,88,84,x,0,0
68,2,10,83,87,x,0,0
69,2,10,81,87,m,84,79
70,2,10,76,83,m,81,80
71,2,10,86,81,x,0,0
72,2,10,81,88,x,0,0
73,2,10,88,80,x,0,0
74,2,10,83,83,a,81,83
75,2,10,82,78,m,79,80
76,2,10,77,87,x,0,0
77,2,10,83,75,x,0,0
78,2,10,86,82,x,0,0
79,2,10,5,-30,x,0,0
80,2,10,76,83,m,81,80
81,2,10,137,119,x,0,0
82,2,6,77,93,a,81,83
83,2,6,90,75,a,82,81
84,2,6,74,92,a,79,82
85,2,6,86,72,a,82,81
86,2,6,86,91,i,0,0
87,2,6,87,73,m,85,71
88,2,6,71,87,a,79,82
89,2,6,93,82,a,82,81
90,2,6,81,94,a,81,83
91,2,6,93,77,m,90,74
92,2,6,69,88,a,79,82
93,2,6,87,71,a,82,81
94,2,6,90,88,a,81,83
95,2,6,88,90,a,81,83
96,2,6,79,94,m,79,93
97,2,6,91,85,a,81,83
98,2,6,73,90,m,73,90
99,2,6,92,77,a,82,81
0,1,12,84,78,x,0,0
1,1,12,79,85,x,0,0
2,1,12,84,78,x,0,0
3,1,9,79,84,x,0,0
4,1,9,81,82,a,83,82
5,1,9,82,81,x,0,0
6,1,9,83,82,x,0,0
7,1,9,79,82,x,0,0
8,1,9,83,84,x,0,0
9,1,9,81,85,x,0,0
10,1,9,84,86,x,0,0
11,1,9,84,81,x,0,0
12,1,9,81,83,a,79,84
13,1,9,84,81,x,0,0
14,1,9,86,81,x,0,0
15,1,9,83,79,x,0,0
16,1,9,80,81,x,0,0
17,1,9,80,87,x,0,0
18,1,9,80,84,x,0,0
19,1,9,81,83,x,0,0
20,1,9,87,83,x,0,0
21,1,9,82,86,x,0,0
22,1,9,86,81,x,0,0
23,2,10,85,82,m,81,80
24,2,10,76,82,m,83,80
25,2,10,78,81,x,0,0
26,2,10,77,81,m,84,81
27,2,10,85,82,m,81,80
28,2,10,83,87,x,0,0
29,2,10,85,82,m,81,80
30,2,10,84,83,x,0,0
31,2,10,85,83,m,81,80
32,2,10,77,81,m,84,81
33,2,10,85,82,m,81,80
34,2,10,77,82,a,80,81
35,2,10,83,82,a,81,82
36,2,10,77,81,m,84,81
37,2,10,81,79,x,0,0
38,2,10,77,82,x,0,0
39,2,10,77,82,x,0,0
40,2,10,100,90,x,0,0
41,2,10,82,85,x,0,0
42,2,10,79,80,x,0,0
43,2,10,82,85,a,81,83
44,2,10,80,86,x,0,0
45,2,10,86,78,x,0,0
46,2,10,79,84,a,81,83
47,2,10,78,78,m,80,86
48,2,10,83,87,x,0,0
49,2,10,85,82,m,81,80
50,2,10,79,88,x,0,0
51,2,10,85,83,m,81,80
52,2,10,77,79,m,84,81
53,2,10,87,79,x,0,0
54,2,10,87,83,x,0,0
55,2,10,79,80,x,0,0
56,2,10,84,85,x,0,0
57,2,10,85,83,m,81,80
58,2,10,78,81,x,0,0
59,2,10,82,80,m,82,80
60,2,10,79,80,x,0,0
61,2,10,84,79,m,78,81
62,2,10,86,85,x,0,0
63,2,10,76,82,m,81,85
64,2,10,79,80,x,0,0
65,2,10,84,75,x,0,0
66,2,10,78,87,x,0,0
67,2,10,88,84,x,0,0
68,2,10,83,87,x,0,0
69,2,10,83,78,m,78,82
70,2,10,85,79,m,82,85
71,2,10,86,81,x,0,0
72,2,10,81,88,x,0,0
73,2,10,88,80,x,0,0
74,2,10,83,83,a,81,83
75,2,10,79,80,a,80,81
76,2,10,77,87,x,0,0
77,2,10,83,75,x,0,0
78,2,10,86,82,x,0,0
79,2,10,-3,-40,x,0,0
80,2,10,85,79,m,82,85
81,2,10,148,126,x,0,0
82,2,6,77,92,a,81,83
83,2,6,90,76,m,88,73
84,2,6,74,91,a,81,83
85,2,6,86,72,m,85,73
86,2,6,86,91,a,81,83
87,2,6,84,70,a,80,81
88,2,6,71,87,m,69,85
89,2,6,91,82,a,81,82
90,2,6,81,93,i,0,0
91,2,6,89,74,m,88,74
92,2,6,70,85,a,81,83
93,2,6,84,72,a,81,82
94,2,6,90,88,a,81,83
95,2,6,88,90,m,88,90
96,2,6,76,94,m,74,92
97,2,6,91,85,a,82,81
98,2,6,73,90,a,79,82
99,2,6,91,78,i,0,0
0,1,12,84,78,x,0,0
1,1,12,79,85,x,0,0
2,1,12,84,78,x,0,0
3,1,9,79,84,x,0,0
4,1,9,81,82,x,0,0
5,1,9,82,81,x,0,0
6,1,9,83,82,x,0,0
7,1,9,79,82,x,0,0
8,1,9,83,84,x,0,0
9,1,9,81,85,x,0,0
10,1,9,84,86,x,0,0
11,1,9,84,81,x,0,0
12,1,9,81,83,x,0,0
13,1,9,84,81,x,0,0
14,1,9,86,81,x,0,0
15,1,9,83,79,x,0,0
16,1,9,80,81,x,0,0
17,1,9,80,87,x,0,0
18,1,9,80,84,x,0,0
19,1,9,81,83,x,0,0
20,1,9,87,83,x,0,0
21,1,9,82,86,x,0,0
22,1,9,86,81,x,0,0
23,2,10,76,79,m,79,83
24,2,10,84,81,m,83,83
25,2,10,78,81,x,0,0
26,2,10,85,82,m,82,85
27,2,10,76,79,m,79,83
28,2,10,83,87,x,0,0
29,2,10,78,79,m,80,84
30,2,10,84,83,x,0,0
31,2,10,77,79,m,79,83
32,2,10,85,82,m,81,85
33,2,10,76,79,m,79,83
34,2,10,79,82,m,80,82
35,2,10,83,82,a,81,82
36,2,10,85,82,m,82,85
37,2,10,81,79,x,0,0
38,2,10,77,82,x,0,0
39,2,10,77,82,x,0,0
40,2,10,112,95,x,0,0
41,2,10,82,85,x,0,0
42,2,10,79,80,x,0,0
43,2,10,82,85,m,84,82
44,2,10,80,86,x,0,0
45,2,10,86,78,x,0,0
46,2,10,79,84,m,79,82
47,2,10,81,86,m,83,83
48,2,10,83,87,x,0,0
49,2,10,78,79,m,79,84
50,2,10,79,88,x,0,0
51,2,10,78,79,m,79,83
52,2,10,85,82,m,81,85
53,2,10,87,79,x,0,0
54,2,10,87,83,x,0,0
55,2,10,79,80,x,0,0
56,2,10,84,85,x,0,0
57,2,10,78,79,m,79,83
58,2,10,78,81,x,0,0
59,2,10,82,80,a,81,82
60,2,10,79,80,x,0,0
61,2,10,78,82,m,81,85
62,2,10,86,85,x,0,0
63,2,10,81,85,a,81,83
64,2,10,79,80,x,0,0
65,2,10,84,75,x,0,0
66,2,10,78,87,x,0,0
67,2,10,88,84,x,0,0
68,2,10,83,87,x,0,0
69,2,10,78,83,m,81,85
70,2,10,82,87,m,80,84
71,2,10,86,81,x,0,0
72,2,10,81,88,x,0,0
73,2,10,88,80,x,0,0
74,2,10,83,83,m,82,85
75,2,10,79,80,m,80,81
76,2,10,77,87,x,0,0
77,2,10,83,75,x,0,0
78,2,10,86,82,x,0,0
79,2,10,-11,-51,x,0,0
80,2,10,82,87,m,80,84
81,2,10,159,134,x,0,0
82,2,6,77,92,m,78,91
83,2,6,88,72,a,81,82
84,2,6,75,91,i,0,0
85,2,6,84,71,m,81,71
86,2,6,86,91,m,86,91
87,2,6,82,72,i,0,0
88,2,6,69,85,a,81,82
89,2,6,91,82,i,0,0
90,2,6,81,93,a,81,83
91,2,6,88,74,m,88,74
92,2,6,71,85,i,0,0
93,2,6,84,72,i,0,0
94,2,6,90,88,i,0,0
95,2,6,88,90,i,0,0
96,2,6,72,91,m,72,88
97,2,6,91,85,a,81,82
98,2,6,73,90,a,81,82
99,2,6,91,78,a,81,82
0,1,12,84,78,x,0,0
1,1,12,79,85,x,0,0
2,1,12,84,78,x,0,0
3,1,9,79,84,x,0,0
4,1,9,81,82,x,0,0
5,1,9,82,81,x,0,0
6,1,9,83,82,x,0,0
7,1,9,79,82,x,0,0
8,1,9,83,84,x,0,0
9,1,9,81,85,x,0,0
10,1,9,84,86,x,0,0
11,1,9,84,81,x,0,0
12,1,9,81,83,x,0,0
13,1,9,84,81,x,0,0
14,1,9,86,81,x,0,0
15,1,9,83,79,x,0,0
16,1,9,80,81,x,0,0
17,1,9,80,87,x,0,0
18,1,9,80,84,x,0,0
19,1,9,81,83,x,0,0
20,1,9,87,83,x,0,0
21,1,9,82,86,x,0,0
22,1,9,86,81,x,0,0
23,2,10,79,84,i,0,0
24,2,10,82,85,i,0,0
25,2,10,78,81,x,0,0
26,2,10,82,85,i,0,0
27,2,10,79,84,i,0,0
28,2,10,83,87,x,0,0
29,2,10,80,86,i,0,0
30,2,10,84,83,x,0,0
31,2,10,79,86,i,0,0
32,2,10,80,86,i,0,0
33,2,10,79,84,i,0,0
34,2,10,80,82,i,0,0
35,2,10,83,82,i,0,0
36,2,10,81,85,i,0,0
37,2,10,81,79,x,0,0
38,2,10,77,82,x,0,0
39,2,10,77,82,x,0,0
40,2,10,124,99,x,0,0
41,2,10,82,85,x,0,0
42,2,10,79,80,x,0,0
43,2,10,85,81,i,0,0
44,2,10,80,86,x,0,0
45,2,10,86,78,x,0,0
46,2,10,78,80,i,0,0
47,2,10,83,83,i,0,0
48,2,10,83,87,x,0,0
49,2,10,79,86,i,0,0
50,2,10,79,88,x,0,0
51,2,10,78,86,i,0,0
52,2,10,80,85,i,0,0
53,2,10,87,79,x,0,0
54,2,10,87,83,x,0,0
55,2,10,79,80,x,0,0
56,2,10,84,85,x,0,0
57,2,10,79,86,i,0,0
58,2,10,78,81,x,0,0
59,2,10,82,80,i,0,0
60,2,10,79,80,x,0,0
61,2,10,82,85,i,0,0
62,2,10,86,85,x,0,0
63,2,10,81,84,i,0,0
64,2,10,79,80,x,0,0
65,2,10,84,75,x,0,0
66,2,10,78,87,x,0,0
67,2,10,88,84,x,0,0
68,2,10,83,87,x,0,0
69,2,10,82,85,i,0,0
70,2,10,78,84,i,0,0
71,2,10,86,81,x,0,0
72,2,10,81,88,x,0,0
73,2,10,88,80,x,0,0
74,2,10,81,85,i,0,0
75,2,10,80,81,i,0,0
76,2,10,77,87,x,0,0
77,2,10,83,75,x,0,0
78,2,10,86,82,x,0,0
79,2,10,-18,-62,x,0,0
80,2,10,80,84,i,0,0
81,2,10,170,141,x,0,0
82,2,6,78,91,i,0,0
83,2,6,86,74,i,0,0
84,2,6,75,91,i,0,0
85,2,6,80,71,i,0,0
86,2,6,86,91,i,0,0
87,2,6,82,72,i,0,0
88,2,6,72,83,i,0,0
89,2,6,91,82,i,0,0
90,2,6,81,93,i,0,0
91,2,6,87,72,i,0,0
92,2,6,71,85,i,0,0
93,2,6,84,72,i,0,0
94,2,6,90,88,i,0,0
95,2,6,88,90,i,0,0
96,2,6,72,88,i,0,0
97,2,6,91,85,i,0,0
98,2,6,74,88,i,0,0
99,2,6,90,78,i,0,0
