Index,
10,
13,
15,
20,
22,
23,
24,
35,
37,
40,
47,
52,
54,
55,
60,
61,
62,
66,
70,
73,
76,
81,
85,
87,
92,
94,
97,
102,
103,
107,
108,
109,
112,
118,
125,
129,
134,
135,
137,
139,
143,
149,
150,
151,
153,
155,
166,
173,
175,
182,
183,
184,
185,
192,
195,
199,
203,
206,
210,
211,
214,
219,
221,
227,
228,
230,
231,
236,
237,
240,
252,
254,
260,
261,
263,
269,
272,
273,
277,
282,
289,
293,
298,
299,
302,
303,
308,
312,
318,
319,
320,
324,
327,
329,
336,
337,
344,
347,
353,
355,
356,
360,
368,
369,
380,
387,
388,
393,
395,
398,
399,
401,
427,
430,
440,
449,
451,
460,
464,
465,
475,
478,
481,
482,
483,
485,
488,
490,
495,
498,
501,
504,
507,
508,
512,
514,
517,
520,
522,
530,
533,
537,
538,
545,
550,
554,
560,
561,
567,
569,
572,
573,
575,
585,
587,
590,
592,
595,
599,
604,
607,
608,
625,
626,
635,
636,
637,
638,
645,
649,
666,
667,
676,
679,
680,
682,
685,
687,
690,
692,
707,
708,
713,
714,
716,
717,
726,
728,
737,
738,
753,
759,
765,
766,
768,
771,
772,
785,
802,
804,
809,
810,
814,
817,
820,
823,
826,
829,
831,
833,
834,
841,
844,
854,
861,
862,
870,
872,
875,
880,
881,
885,
889,
892,
895,
896,
897,
898,
905,
908,
916,
919,
920,
921,
923,
927,
945,
947,
950,
951,
952,
957,
970,
974,
979,
984,
987,
995,
998,
